
{
    "params":{
        "m":[
            {"m":1},
            {"cm":100},
            {"in":39.37},
            {"ft":3.281}
        ],
        "cm":[
            {"m":0.01},
            {"cm":1},
            {"in":0.394},
            {"ft":0.033}],
        "in":[
            {"m":0.025},
            {"cm":2.54},
            {"in":1},
            {"ft":0.083}
        ],
        "ft":[
            {"m":0.305},
            {"cm":30.48},
            {"in":12},
            {"ft":1}
        ]    
    }
}
